epoch,time,train/box_loss,train/cls_loss,train/dfl_loss,metrics/precision(B),metrics/recall(B),metrics/mAP50(B),metrics/mAP50-95(B),val/box_loss,val/cls_loss,val/dfl_loss,lr/pg0,lr/pg1,lr/pg2
1,14.5837,2.23319,7.10662,1.10324,0,0,0,0,0,0,0,0.000444444,0.000444444,0.000444444
2,26.7256,2.30305,6.0531,1.0597,0,0,0,0,0,0,0,0.00108911,0.00108911,0.00108911
3,38.8099,2.22523,4.91971,1.06363,0,0,0,0,0,0,0,0.00170738,0.00170738,0.00170738
4,50.8603,2.59335,5.43411,1.15511,0,0,0,0,0,0,0,0.0018812,0.0018812,0.0018812
5,64.4666,2.52222,4.48379,1.08948,0,0,0,0,0,0,0,0.0018416,0.0018416,0.0018416
6,76.6029,2.41768,4.26082,1.04698,0,0,0,0,0,0,0,0.001802,0.001802,0.001802
7,88.4811,2.56481,4.46431,1.05927,0,0,0,0,0,0,0,0.0017624,0.0017624,0.0017624
8,100.906,2.58758,4.02654,1.09377,0,0,0,0,0,0,0,0.0017228,0.0017228,0.0017228
9,113.225,2.141,3.82411,1.03968,0,0,0,0,0,0,0,0.0016832,0.0016832,0.0016832
10,125.709,2.15224,3.62962,1.00877,0,0,0,0,0,0,0,0.0016436,0.0016436,0.0016436
11,138.243,1.8859,3.38953,0.94624,0,0,0,0,0,0,0,0.001604,0.001604,0.001604
12,150.199,1.82635,3.26722,0.96675,0,0,0,0,0,0,0,0.0015644,0.0015644,0.0015644
13,162.133,1.57872,3.23924,0.88399,0,0,0,0,0,0,0,0.0015248,0.0015248,0.0015248
14,174.24,1.78429,3.16138,0.92101,0,0,0,0,0,0,0,0.0014852,0.0014852,0.0014852
15,186.25,1.53326,3.14931,0.89372,0,0,0,0,0,0,0,0.0014456,0.0014456,0.0014456
16,198.379,1.70681,2.93193,0.93741,0,0,0,0,0,0,0,0.001406,0.001406,0.001406
17,210.476,1.77509,2.68332,0.93046,0,0,0,0,0,0,0,0.0013664,0.0013664,0.0013664
18,221.993,1.79541,2.66095,0.93006,0,0,0,0,0,0,0,0.0013268,0.0013268,0.0013268
19,234.751,1.58855,2.37192,0.87909,0,0,0,0,0,0,0,0.0012872,0.0012872,0.0012872
20,247.027,1.51244,2.33607,0.88817,0,0,0,0,0,0,0,0.0012476,0.0012476,0.0012476
21,260.561,1.54062,2.70951,0.89895,0,0,0,0,0,0,0,0.001208,0.001208,0.001208
22,272.699,1.48358,2.20853,0.88563,0,0,0,0,0,0,0,0.0011684,0.0011684,0.0011684
23,285.418,1.49313,2.16802,0.8818,0,0,0,0,0,0,0,0.0011288,0.0011288,0.0011288
24,295.549,1.39437,2.01926,0.87403,0,0,0,0,0,0,0,0.0010892,0.0010892,0.0010892
25,305.06,1.5314,2.07584,0.92618,0,0,0,0,0,0,0,0.0010496,0.0010496,0.0010496
26,314.391,1.49249,2.17488,0.87012,0,0,0,0,0,0,0,0.00101,0.00101,0.00101
27,324.117,1.41827,1.92532,0.91858,0,0,0,0,0,0,0,0.0009704,0.0009704,0.0009704
28,333.424,1.54976,2.14774,0.89614,0,0,0,0,0,0,0,0.0009308,0.0009308,0.0009308
29,342.975,1.31872,2.27021,0.8591,0,0,0,0,0,0,0,0.0008912,0.0008912,0.0008912
30,352.135,1.32533,1.96955,0.87206,0,0,0,0,0,0,0,0.0008516,0.0008516,0.0008516
31,361.695,1.36099,1.84681,0.89394,0,0,0,0,0,0,0,0.000812,0.000812,0.000812
32,371.131,1.36306,1.85484,0.8589,0,0,0,0,0,0,0,0.0007724,0.0007724,0.0007724
33,380.409,1.26247,1.89311,0.869,0,0,0,0,0,0,0,0.0007328,0.0007328,0.0007328
34,389.639,1.13651,1.69516,0.86072,0,0,0,0,0,0,0,0.0006932,0.0006932,0.0006932
35,399.071,1.32966,1.58704,0.8811,0,0,0,0,0,0,0,0.0006536,0.0006536,0.0006536
36,408.539,1.30326,1.65004,0.84552,0,0,0,0,0,0,0,0.000614,0.000614,0.000614
37,418.564,1.19238,1.62969,0.86576,0,0,0,0,0,0,0,0.0005744,0.0005744,0.0005744
38,428.239,1.30024,1.649,0.90347,0,0,0,0,0,0,0,0.0005348,0.0005348,0.0005348
39,442.421,1.29029,1.56172,0.85387,0,0,0,0,0,0,0,0.0004952,0.0004952,0.0004952
40,456.559,1.20051,1.61963,0.82879,0,0,0,0,0,0,0,0.0004556,0.0004556,0.0004556
41,466.127,1.28292,2.29614,0.88193,0,0,0,0,0,0,0,0.000416,0.000416,0.000416
42,475.402,1.11222,1.97123,0.84168,0,0,0,0,0,0,0,0.0003764,0.0003764,0.0003764
43,484.597,1.25636,1.96371,0.89583,0,0,0,0,0,0,0,0.0003368,0.0003368,0.0003368
44,493.73,1.15569,1.8251,0.87462,0,0,0,0,0,0,0,0.0002972,0.0002972,0.0002972
45,502.887,1.12073,1.96585,0.83887,0,0,0,0,0,0,0,0.0002576,0.0002576,0.0002576
46,511.932,1.2278,1.90391,0.88407,0,0,0,0,0,0,0,0.000218,0.000218,0.000218
47,521.044,1.12247,1.84801,0.87094,0,0,0,0,0,0,0,0.0001784,0.0001784,0.0001784
48,530.243,1.04373,1.86462,0.83276,0,0,0,0,0,0,0,0.0001388,0.0001388,0.0001388
49,539.322,1.21738,2.15822,0.80882,0,0,0,0,0,0,0,9.92e-05,9.92e-05,9.92e-05
50,549.696,1.07158,1.89693,0.85167,0.00333,1,0.12437,0.05086,1.88217,4.04527,0.72197,5.96e-05,5.96e-05,5.96e-05
